"ReviewId,""CustomerName"",""Comment"",""Rating"",""CreatedAt"",""Status"",""ProductId"""
"1,""İbrahim Doğan"",""Ailecek geldik, herkes çok memnun kaldı. Teşekkürler!"",""5"",""2024-06-29 10:48:00+00"",""False"",""53"""
"2,""Kemal Erdoğan"",""Lezzet açısından beklentilerimi karşıladı."",""4"",""2024-01-31 11:25:00+00"",""True"",""35"""
"3,""Emre Çetin"",""Çok gürültülüydü ve yemek kalitesi beklediğimin altındaydı."",""2"",""2024-06-16 22:23:00+00"",""True"",""27"""
"4,""Cem Şimşek"",""Dostlarımla geldim, hepimiz çok beğendik. Harika!"",""5"",""2024-02-19 11:21:00+00"",""False"",""42"""
"5,""Esra Kaplan"",""Temizlik konusunda sorunlar gördüm, rahatsız edici."",""2"",""2024-10-19 18:44:00+00"",""True"",""27"""
"6,""Özkan Turan"",""Genel olarak memnunum, küçük detaylarda iyileştirme yapılabilir."",""4"",""2024-07-01 22:04:00+00"",""True"",""34"""
"7,""Bülent Karaca"",""Yemekler lezzetliydi, sadece bekleme süresi biraz uzundu."",""4"",""2024-11-17 18:30:00+00"",""False"",""61"""
"8,""Bülent Karaca"",""Kaliteli malzemeler kullanılmış, yemek tadı yerindeydi."",""4"",""2024-02-23 10:25:00+00"",""True"",""40"""
"9,""Tuğba Erdem"",""Kaliteli malzemeler kullanılmış, yemek tadı yerindeydi."",""4"",""2024-09-24 22:00:00+00"",""True"",""45"""
"10,""Fatma Çelik"",""Yemek yenilir düzeydeydi ama öne çıkan bir lezzeti yoktu."",""3"",""2024-01-08 19:52:00+00"",""False"",""46"""
"11,""Volkan Ekici"",""Malzemeler taze ve kaliteli, yemek gerçekten nefisti."",""5"",""2024-03-24 18:52:00+00"",""True"",""7"""
"12,""Mustafa Öztürk"",""Lezzet konusunda hiçbir şikayetim yok, mükemmeldi."",""5"",""2024-07-27 19:18:00+00"",""True"",""33"""
"13,""Özkan Turan"",""Malzemeler tazeydi ve yemek lezzetliydi, memnun ayrıldım."",""4"",""2025-02-15 21:08:00+00"",""False"",""60"""
"14,""Koray Başaran"",""Arkadaşlarımla keyifli bir akşam geçirdik, tavsiye ederim."",""4"",""2024-06-05 15:11:00+00"",""False"",""20"""
"15,""Filiz Yavuz"",""Malzemeler taze görünmüyordu, endişelendim."",""2"",""2024-06-09 21:13:00+00"",""True"",""22"""
"16,""Serkan Tekin"",""Genel değerlendirmem olumlu, tekrar gelebilirim."",""4"",""2024-07-26 17:16:00+00"",""True"",""41"""
"17,""Zehra Aktaş"",""Malzemeler tazeydi ve yemek lezzetliydi, memnun ayrıldım."",""4"",""2024-07-19 14:05:00+00"",""True"",""32"""
"18,""Özkan Turan"",""Malzemeler taze ve kaliteli, yemek gerçekten nefisti."",""5"",""2024-06-24 14:47:00+00"",""True"",""36"""
"19,""Sibel Çakır"",""Servis iyiydi ama yemek pek heyecan verici değildi."",""3"",""2024-09-18 12:09:00+00"",""True"",""17"""
"20,""Filiz Yavuz"",""Harika bir akşam yemeği deneyimi, fiyat kalite dengesi mükemmel."",""5"",""2025-01-30 14:06:00+00"",""True"",""12"""
"21,""Gamze Uysal"",""Servis hızlıydı ve garsonlar çok ilgiliydi. Tavsiye ederim."",""5"",""2024-01-28 18:37:00+00"",""True"",""49"""
"22,""Sibel Çakır"",""Fiyatı yüksek ama kalite bunu hiç karşılamıyor."",""2"",""2024-07-09 11:11:00+00"",""False"",""33"""
"23,""Serap Altın"",""Bir kez gidebilirsiniz ama özel bir sebebim olmadan tekrar gitmem."",""3"",""2024-07-30 21:54:00+00"",""True"",""53"""
"24,""Cem Şimşek"",""Atmosfer çok güzeldi, yemekler de bir o kadar lezzetliydi."",""5"",""2024-01-09 17:01:00+00"",""True"",""9"""
"25,""Alper Doğru"",""Hayatımda yediğim en lezzetli yemekti, kesinlikle tavsiye ederim!"",""5"",""2024-03-26 22:04:00+00"",""True"",""6"""
"26,""Bülent Karaca"",""Hayatımda yediğim en lezzetli yemekti, kesinlikle tavsiye ederim!"",""5"",""2024-10-07 16:36:00+00"",""True"",""58"""
"27,""Pınar Arslan"",""Dostlarımla geldim, hepimiz çok beğendik. Harika!"",""5"",""2024-01-07 15:46:00+00"",""True"",""16"""
"28,""Büşra Korkmaz"",""Malzemeler taze görünmüyordu, endişelendim."",""2"",""2024-03-06 16:12:00+00"",""True"",""20"""
"29,""Özkan Turan"",""Kaliteli malzemeler kullanılmış, yemek tadı yerindeydi."",""4"",""2024-10-04 11:35:00+00"",""True"",""28"""
"30,""Bülent Karaca"",""Servis biraz geç geldi ama yemek bunu telafi etti."",""4"",""2024-06-04 22:48:00+00"",""True"",""15"""
"31,""Uğur Keskin"",""Malzemeler tazeydi ve yemek lezzetliydi, memnun ayrıldım."",""4"",""2024-01-17 11:32:00+00"",""True"",""37"""
"32,""Mehtap Bilgin"",""Daha önce gittiğimde daha iyiydi, kalite düşmüş gibi."",""3"",""2024-11-08 14:10:00+00"",""False"",""44"""
"33,""Ayşe Demir"",""Güzel bir mekan, yemekler de oldukça başarılıydı."",""4"",""2024-12-27 19:46:00+00"",""True"",""18"""
"34,""Haluk Sarı"",""Dostlarımla geldim, hepimiz çok beğendik. Harika!"",""5"",""2024-02-29 20:11:00+00"",""True"",""40"""
"35,""İbrahim Doğan"",""Mutfak ekibi gerçekten başarılı, tebrik ederim."",""4"",""2024-07-12 13:13:00+00"",""True"",""6"""
"36,""Koray Başaran"",""En iyi restoranlardan biri, kesinlikle tekrar geleceğim."",""5"",""2024-07-27 13:09:00+00"",""True"",""6"""
"37,""Erkan Ateş"",""Kaliteli malzemeler kullanılmış, yemek tadı yerindeydi."",""4"",""2024-09-14 22:01:00+00"",""True"",""41"""
"38,""Zeynep Arslan"",""Malzemeler taze ve kaliteli, yemek gerçekten nefisti."",""5"",""2024-07-09 13:13:00+00"",""True"",""6"""
"39,""Derya Güler"",""Beklentilerimin çok üzerinde bir deneyim yaşadım."",""5"",""2025-02-06 12:09:00+00"",""True"",""60"""
"40,""Hatice Yıldız"",""Lezzet fena değildi ama özel bir şey de yoktu."",""3"",""2024-01-03 12:55:00+00"",""True"",""26"""
"41,""Oğuz Avcı"",""Orta seviye bir deneyim, iyileştirme yapılabilir."",""3"",""2025-01-26 18:03:00+00"",""True"",""5"""
"42,""Pınar Arslan"",""Yemek pek lezzetli değildi, hayal kırıklığı yaşadım."",""2"",""2025-02-18 10:57:00+00"",""True"",""39"""
"43,""Zehra Aktaş"",""Her şey harikaydı, özellikle sunumu çok beğendim."",""5"",""2024-06-16 20:12:00+00"",""True"",""17"""
"44,""Oğuz Avcı"",""Personel güleryüzlüydü ve yemekler süperdi."",""5"",""2024-10-18 18:52:00+00"",""True"",""36"""
"45,""Hatice Yıldız"",""Yemek sunumu kötüydü ve lezzet de aynı şekildeydi."",""2"",""2024-08-31 10:05:00+00"",""True"",""32"""
"46,""Barış Yurt"",""Her şey harikaydı, özellikle sunumu çok beğendim."",""5"",""2024-09-26 21:33:00+00"",""True"",""60"""
"47,""Selin Kara"",""Malzemeler taze ve kaliteli, yemek gerçekten nefisti."",""5"",""2024-06-05 14:29:00+00"",""True"",""1"""
"48,""Emre Çetin"",""Yemek sunumu kötüydü ve lezzet de aynı şekildeydi."",""2"",""2025-01-29 18:21:00+00"",""True"",""24"""
"49,""Volkan Ekici"",""Atmosfer çok güzeldi, yemekler de bir o kadar lezzetliydi."",""5"",""2024-05-16 18:38:00+00"",""True"",""13"""
"50,""Kemal Erdoğan"",""Yemekler tazeydi ve oldukça lezzetliydi, teşekkürler!"",""5"",""2024-02-22 12:39:00+00"",""False"",""59"""
"51,""Deniz Kılıç"",""Lezzet açısından gelişime açık, tekrar düşünürüm."",""3"",""2024-04-07 19:48:00+00"",""True"",""57"""
"52,""Hatice Yıldız"",""Bu fiyata bu kalite gerçekten takdire şayan."",""5"",""2024-08-11 15:32:00+00"",""True"",""21"""
"53,""Elif Aydın"",""Porsiyon biraz daha büyük olabilirdi ama lezzet gayet iyiydi."",""4"",""2024-09-19 14:39:00+00"",""True"",""47"""
"54,""Pınar Arslan"",""Rezervasyon yaptırmama rağmen masam hazır değildi."",""2"",""2024-05-05 14:13:00+00"",""True"",""5"""
"55,""Reyhan Tok"",""Tarifi aklımdan çıkmıyor, inanılmaz lezzetliydi."",""5"",""2024-01-25 14:44:00+00"",""True"",""50"""
"56,""Emine Kurt"",""Orta seviye bir deneyim, iyileştirme yapılabilir."",""3"",""2024-10-05 14:46:00+00"",""True"",""18"""
"57,""Uğur Keskin"",""Lezzet konusunda hiçbir şikayetim yok, mükemmeldi."",""5"",""2024-04-22 19:15:00+00"",""False"",""2"""
"58,""Koray Başaran"",""Servis iyiydi ama yemek pek heyecan verici değildi."",""3"",""2024-05-22 13:19:00+00"",""False"",""28"""
"59,""Koray Başaran"",""Güzel bir mekan, yemekler de oldukça başarılıydı."",""4"",""2024-06-24 13:47:00+00"",""True"",""15"""
"60,""Cem Şimşek"",""Hem görüntüsü hem de tadı mükemmeldi, çok başarılı."",""5"",""2024-12-12 22:47:00+00"",""True"",""11"""
"61,""Murat Güneş"",""Çok güzel sunulmuş, lezzet de tatmin ediciydi."",""4"",""2024-10-17 18:58:00+00"",""True"",""61"""
"62,""Volkan Ekici"",""Garsonlar kaba ve yemek lezzetsizdi."",""1"",""2024-11-15 15:14:00+00"",""True"",""36"""
"63,""Emine Kurt"",""İyi bir deneyimdi, ufak aksaklıklar olsa da güzeldi."",""4"",""2024-04-03 15:18:00+00"",""True"",""22"""
"64,""Erkan Ateş"",""Fiyat biraz yüksek ama kalite bunu karşılıyor."",""4"",""2025-01-26 16:48:00+00"",""True"",""5"""
"65,""Uğur Keskin"",""Daha önce gittiğimde daha iyiydi, kalite düşmüş gibi."",""3"",""2025-02-24 21:49:00+00"",""True"",""28"""
"66,""Mustafa Öztürk"",""Orta seviye bir deneyim, iyileştirme yapılabilir."",""3"",""2024-12-10 16:48:00+00"",""True"",""1"""
"67,""Özkan Turan"",""Yemekler tazeydi ve oldukça lezzetliydi, teşekkürler!"",""5"",""2024-08-10 11:13:00+00"",""True"",""5"""
"68,""Hüseyin Polat"",""Hayatımda yediğim en lezzetli yemekti, kesinlikle tavsiye ederim!"",""5"",""2024-08-04 11:39:00+00"",""True"",""52"""
"69,""Esra Kaplan"",""En iyi restoranlardan biri, kesinlikle tekrar geleceğim."",""5"",""2024-07-18 20:27:00+00"",""True"",""15"""
"70,""Ayşe Demir"",""Malzemeler taze ve kaliteli, yemek gerçekten nefisti."",""5"",""2024-03-04 13:01:00+00"",""True"",""43"""
"71,""Sibel Çakır"",""Yemeğin üzerine tatlı da harikaydı, tam puan veriyorum."",""5"",""2024-03-09 14:23:00+00"",""True"",""3"""
"72,""Gamze Uysal"",""Personel güleryüzlüydü ve yemekler süperdi."",""5"",""2024-12-05 16:57:00+00"",""True"",""12"""
"73,""Oğuz Avcı"",""Personel güleryüzlüydü ve yemekler süperdi."",""5"",""2024-06-28 20:57:00+00"",""True"",""39"""
"74,""Cem Şimşek"",""Malzemeler tazeydi ve yemek lezzetliydi, memnun ayrıldım."",""4"",""2024-10-07 10:01:00+00"",""False"",""35"""
"75,""Ayşe Demir"",""Malzemeler tazeydi ve yemek lezzetliydi, memnun ayrıldım."",""4"",""2024-06-30 12:53:00+00"",""True"",""39"""
"76,""Tuğba Erdem"",""Hem görüntüsü hem de tadı mükemmeldi, çok başarılı."",""5"",""2024-10-07 20:01:00+00"",""True"",""29"""
"77,""Elif Aydın"",""Servis hızlıydı ve garsonlar çok ilgiliydi. Tavsiye ederim."",""5"",""2024-11-04 10:42:00+00"",""True"",""2"""
"78,""Aslı Bozkurt"",""Beklentilerimin çok üzerinde bir deneyim yaşadım."",""5"",""2024-10-31 14:51:00+00"",""True"",""43"""
"79,""Erkan Ateş"",""Menüde yazanlarla gelen yemek arasında fark vardı."",""2"",""2024-11-13 19:14:00+00"",""True"",""25"""
"80,""Hatice Yıldız"",""Hayatımda yediğim en lezzetli yemekti, kesinlikle tavsiye ederim!"",""5"",""2024-07-08 10:39:00+00"",""True"",""38"""
"81,""Mehmet Kaya"",""Malzemeler taze ve kaliteli, yemek gerçekten nefisti."",""5"",""2025-02-13 14:24:00+00"",""True"",""59"""
"82,""Neslihan Öz"",""Yemeğin içinden taze olmayan malzeme çıktı."",""2"",""2024-06-11 21:48:00+00"",""True"",""5"""
"83,""Özkan Turan"",""Tarifi aklımdan çıkmıyor, inanılmaz lezzetliydi."",""5"",""2024-03-13 11:45:00+00"",""True"",""21"""
"84,""Hatice Yıldız"",""Porsiyon bolluğu ve lezzeti gerçekten etkileyiciydi."",""5"",""2024-11-21 11:10:00+00"",""True"",""23"""
"85,""Selin Kara"",""Bir dahaki sefere farklı şeyler denemek istiyorum."",""4"",""2025-01-07 22:03:00+00"",""True"",""9"""
"86,""Oğuz Avcı"",""Fiyat ve kalite dengesi tam oturmamış."",""3"",""2024-11-03 12:46:00+00"",""True"",""25"""
"87,""Ahmet Yılmaz"",""Bir daha gelmem, hayal kırıklığıyla ayrıldım."",""2"",""2024-11-07 19:09:00+00"",""True"",""29"""
"88,""Tolga Demirtaş"",""Çok gürültülüydü ve yemek kalitesi beklediğimin altındaydı."",""2"",""2025-02-28 14:17:00+00"",""True"",""31"""
"89,""Zehra Aktaş"",""İyi bir deneyimdi, ufak aksaklıklar olsa da güzeldi."",""4"",""2024-02-12 22:12:00+00"",""False"",""35"""
"90,""Zeynep Arslan"",""Yemekler tazeydi ve oldukça lezzetliydi, teşekkürler!"",""5"",""2024-12-03 12:36:00+00"",""False"",""29"""
"91,""Emre Çetin"",""Servis biraz geç geldi ama yemek bunu telafi etti."",""4"",""2024-07-13 18:02:00+00"",""True"",""23"""
"92,""Deniz Kılıç"",""Bu fiyata bu kalite gerçekten takdire şayan."",""5"",""2024-03-06 20:17:00+00"",""True"",""2"""
"93,""Serap Altın"",""Ailecek geldik, herkes çok memnun kaldı. Teşekkürler!"",""5"",""2024-08-25 21:26:00+00"",""False"",""16"""
"94,""Sibel Çakır"",""İyi bir deneyimdi, ufak aksaklıklar olsa da güzeldi."",""4"",""2024-04-07 19:26:00+00"",""True"",""40"""
"95,""Ayşe Demir"",""Beklentilerimin çok altında kaldı, tavsiye etmem."",""2"",""2024-04-19 19:46:00+00"",""True"",""5"""
"96,""Fatma Çelik"",""En iyi restoranlardan biri, kesinlikle tekrar geleceğim."",""5"",""2024-10-09 13:25:00+00"",""True"",""27"""
"97,""Kemal Erdoğan"",""Servis hızlıydı ve garsonlar çok ilgiliydi. Tavsiye ederim."",""5"",""2024-05-11 10:36:00+00"",""True"",""55"""
"98,""Uğur Keskin"",""Lezzet açısından ciddi eksiklikler vardı."",""2"",""2024-12-06 10:12:00+00"",""True"",""62"""
"99,""Oğuz Avcı"",""Çok güzel bir deneyimdi, servis biraz daha hızlı olabilirdi."",""4"",""2024-04-15 20:54:00+00"",""True"",""23"""
"100,""Gamze Uysal"",""Yemekler tazeydi ve oldukça lezzetliydi, teşekkürler!"",""5"",""2024-01-16 21:12:00+00"",""True"",""27"""
"101,""Elif Aydın"",""Fiyat biraz yüksek ama kalite bunu karşılıyor."",""4"",""2024-02-10 19:47:00+00"",""True"",""57"""
"102,""Alper Doğru"",""Muhteşem lezzetler, servis mükemmeldi. Tekrar geleceğim."",""5"",""2024-11-04 12:45:00+00"",""True"",""4"""
"103,""Hasan Koç"",""Porsiyon bolluğu ve lezzeti gerçekten etkileyiciydi."",""5"",""2024-01-25 20:25:00+00"",""True"",""32"""
"104,""Pınar Arslan"",""Orta seviye bir deneyim, iyileştirme yapılabilir."",""3"",""2024-03-13 20:59:00+00"",""True"",""31"""
"105,""Derya Güler"",""Çok güzel sunulmuş, lezzet de tatmin ediciydi."",""4"",""2024-03-10 16:00:00+00"",""True"",""5"""
"106,""İbrahim Doğan"",""Hem görüntüsü hem de tadı mükemmeldi, çok başarılı."",""5"",""2025-03-01 12:48:00+00"",""False"",""23"""
"107,""Selin Kara"",""Harika bir akşam yemeği deneyimi, fiyat kalite dengesi mükemmel."",""5"",""2024-01-10 14:19:00+00"",""True"",""47"""
"108,""Haluk Sarı"",""Yemekler taze ve lezzetliydi, atmosfer de güzeldi."",""4"",""2024-08-03 22:19:00+00"",""True"",""16"""
"109,""Erkan Ateş"",""Muhteşem lezzetler, servis mükemmeldi. Tekrar geleceğim."",""5"",""2024-07-09 12:24:00+00"",""True"",""38"""
"110,""Ayşe Demir"",""Genel olarak çok beğendim, küçük eksikler vardı ama yine de güzeldi."",""4"",""2025-02-22 16:49:00+00"",""True"",""46"""
"111,""Tuğba Erdem"",""Genel olarak kabul edilebilir bir deneyimdi."",""3"",""2024-02-09 16:49:00+00"",""True"",""59"""
"112,""Murat Güneş"",""Muhteşem lezzetler, servis mükemmeldi. Tekrar geleceğim."",""5"",""2025-02-12 11:53:00+00"",""True"",""60"""
"113,""Erkan Ateş"",""Bir dahaki sefere farklı şeyler denemek istiyorum."",""4"",""2024-10-04 21:57:00+00"",""True"",""24"""
"114,""Aslı Bozkurt"",""Servis hızlıydı ve garsonlar çok ilgiliydi. Tavsiye ederim."",""5"",""2024-03-14 19:03:00+00"",""False"",""43"""
"115,""Pınar Arslan"",""Bir daha ayak basmam, çok kötü bir deneyimdi."",""1"",""2024-01-15 16:48:00+00"",""True"",""54"""
"116,""Haluk Sarı"",""Güzel bir mekan, yemekler de oldukça başarılıydı."",""4"",""2024-03-24 22:49:00+00"",""True"",""24"""
"117,""Gül Özdemir"",""Bu kadar kötü bir restoran görmedim, şikayetçiyim."",""1"",""2024-09-26 17:57:00+00"",""True"",""21"""
"118,""Fatma Çelik"",""Ailecek geldik, herkes çok memnun kaldı. Teşekkürler!"",""5"",""2024-07-02 11:08:00+00"",""True"",""48"""
"119,""Tuğba Erdem"",""Çok güzel bir deneyimdi, servis biraz daha hızlı olabilirdi."",""4"",""2025-01-08 14:53:00+00"",""True"",""4"""
"120,""Büşra Korkmaz"",""Yemekler tazeydi ve oldukça lezzetliydi, teşekkürler!"",""5"",""2024-02-17 14:48:00+00"",""True"",""35"""
"121,""Hatice Yıldız"",""Her şey harikaydı, özellikle sunumu çok beğendim."",""5"",""2024-03-26 14:42:00+00"",""False"",""58"""
"122,""Reyhan Tok"",""Yemek sunumu kötüydü ve lezzet de aynı şekildeydi."",""2"",""2024-06-16 15:45:00+00"",""True"",""10"""
"123,""Hüseyin Polat"",""Yemekler lezzetliydi, sadece bekleme süresi biraz uzundu."",""4"",""2024-04-13 20:51:00+00"",""True"",""51"""
"124,""Pınar Arslan"",""İnanılmaz derecede kötüydü, uyarıyorum herkesi."",""1"",""2024-03-18 14:06:00+00"",""True"",""30"""
"125,""Aslı Bozkurt"",""Yemek idare ederdi, ne çok iyiydi ne çok kötü."",""3"",""2024-09-23 12:51:00+00"",""True"",""38"""
"126,""Gül Özdemir"",""Muhteşem lezzetler, servis mükemmeldi. Tekrar geleceğim."",""5"",""2024-08-26 14:30:00+00"",""False"",""61"""
"127,""Cem Şimşek"",""Hem görüntüsü hem de tadı mükemmeldi, çok başarılı."",""5"",""2024-03-12 13:40:00+00"",""True"",""16"""
"128,""Elif Aydın"",""Ailecek geldik, herkes çok memnun kaldı. Teşekkürler!"",""5"",""2024-07-19 17:29:00+00"",""True"",""26"""
"129,""Derya Güler"",""Çok güzel bir deneyimdi, servis biraz daha hızlı olabilirdi."",""4"",""2024-12-19 18:34:00+00"",""True"",""57"""
"130,""Haluk Sarı"",""Birkaç şeyi beğendim birkaç şeyi beğenmedim."",""3"",""2024-04-02 12:35:00+00"",""True"",""36"""
"131,""Serkan Tekin"",""Malzemeler tazeydi ama pişirme tekniği biraz eksikti."",""3"",""2024-10-31 20:29:00+00"",""True"",""28"""
"132,""Ahmet Yılmaz"",""Servis iyiydi ama yemek pek heyecan verici değildi."",""3"",""2024-09-08 17:42:00+00"",""True"",""30"""
"133,""Aslı Bozkurt"",""Yemeğin üzerine tatlı da harikaydı, tam puan veriyorum."",""5"",""2024-05-09 13:28:00+00"",""True"",""26"""
"134,""Yasemin Gürbüz"",""Fiyat ve kalite dengesi tam oturmamış."",""3"",""2025-02-28 16:41:00+00"",""True"",""57"""
"135,""Merve Bulut"",""Personel güleryüzlüydü ve yemekler süperdi."",""5"",""2025-02-28 13:54:00+00"",""True"",""53"""
"136,""Taner Özcan"",""Genel olarak memnunum, küçük detaylarda iyileştirme yapılabilir."",""4"",""2024-09-28 13:44:00+00"",""True"",""4"""
"137,""Deniz Kılıç"",""Beklentilerimin çok üzerinde bir deneyim yaşadım."",""5"",""2024-10-22 18:31:00+00"",""True"",""54"""
"138,""Deniz Kılıç"",""Yemekler taze ve lezzetliydi, atmosfer de güzeldi."",""4"",""2024-10-17 21:05:00+00"",""True"",""60"""
"139,""Barış Yurt"",""Porsiyon bolluğu ve lezzeti gerçekten etkileyiciydi."",""5"",""2024-12-20 16:41:00+00"",""True"",""25"""
"140,""Emine Kurt"",""Beklentilerimi tam karşılamadı ama yenebilir düzeydeydi."",""3"",""2024-11-12 14:48:00+00"",""True"",""49"""
"141,""Haluk Sarı"",""Her şey harikaydı, özellikle sunumu çok beğendim."",""5"",""2025-02-03 20:28:00+00"",""True"",""42"""
"142,""Serap Altın"",""Beklentilerimin çok üzerinde bir deneyim yaşadım."",""5"",""2024-02-17 19:03:00+00"",""True"",""26"""
"143,""Barış Yurt"",""Lezzet açısından gelişime açık, tekrar düşünürüm."",""3"",""2025-02-20 17:09:00+00"",""True"",""22"""
"144,""Erkan Ateş"",""Yemeğin pişirme tekniği çok iyiydi, beğendim."",""4"",""2024-06-08 12:13:00+00"",""True"",""37"""
"145,""Ayşe Demir"",""Personel güleryüzlüydü ve yemekler süperdi."",""5"",""2024-07-30 12:29:00+00"",""False"",""10"""
"146,""Filiz Yavuz"",""Fiyat biraz yüksek ama kalite bunu karşılıyor."",""4"",""2024-09-18 21:50:00+00"",""False"",""60"""
"147,""Hüseyin Polat"",""Lezzet konusunda hiçbir şikayetim yok, mükemmeldi."",""5"",""2024-01-17 14:34:00+00"",""True"",""8"""
"148,""Ali Şahin"",""En iyi restoranlardan biri, kesinlikle tekrar geleceğim."",""5"",""2024-12-24 15:55:00+00"",""True"",""27"""
"149,""Fatma Çelik"",""Tarifi aklımdan çıkmıyor, inanılmaz lezzetliydi."",""5"",""2024-08-08 21:32:00+00"",""False"",""36"""
"150,""Serkan Tekin"",""Personel güleryüzlüydü ve yemekler süperdi."",""5"",""2024-03-15 17:27:00+00"",""True"",""52"""
"151,""Taner Özcan"",""Personel güleryüzlüydü ve yemekler süperdi."",""5"",""2024-01-16 21:27:00+00"",""True"",""7"""
"152,""Alper Doğru"",""Bir dahaki sefere farklı şeyler denemek istiyorum."",""4"",""2024-08-16 15:38:00+00"",""True"",""39"""
"153,""Hasan Koç"",""Yemeğin üzerine tatlı da harikaydı, tam puan veriyorum."",""5"",""2024-09-08 12:28:00+00"",""False"",""6"""
"154,""Kemal Erdoğan"",""Yemek soğuk, servis kötü, ortam gürültülü."",""1"",""2024-12-17 11:50:00+00"",""True"",""42"""
"155,""Zehra Aktaş"",""Yemeğin içinden taze olmayan malzeme çıktı."",""2"",""2024-08-09 22:49:00+00"",""True"",""45"""
"156,""Kemal Erdoğan"",""Porsiyon bolluğu ve lezzeti gerçekten etkileyiciydi."",""5"",""2024-06-08 18:56:00+00"",""True"",""31"""
"157,""Hatice Yıldız"",""Bu kadar lezzetli bir yemek yememiştim, çok memnun kaldım."",""5"",""2025-02-26 14:14:00+00"",""True"",""56"""
"158,""Ahmet Yılmaz"",""Orta seviye bir deneyim, iyileştirme yapılabilir."",""3"",""2024-02-12 11:42:00+00"",""False"",""58"""
"159,""Selim Işık"",""Porsiyon biraz daha büyük olabilirdi ama lezzet gayet iyiydi."",""4"",""2024-05-29 12:16:00+00"",""True"",""48"""
"160,""Uğur Keskin"",""Harika bir akşam yemeği deneyimi, fiyat kalite dengesi mükemmel."",""5"",""2024-05-19 16:56:00+00"",""False"",""28"""
"161,""Gül Özdemir"",""Bu kadar lezzetli bir yemek yememiştim, çok memnun kaldım."",""5"",""2024-12-15 16:21:00+00"",""True"",""47"""
"162,""Aslı Bozkurt"",""Bu fiyata bu kalite gerçekten takdire şayan."",""5"",""2024-10-07 14:32:00+00"",""True"",""60"""
"163,""Murat Güneş"",""Yemek yenilmez düzeydeydi, büyük hayal kırıklığı."",""1"",""2024-03-24 17:48:00+00"",""True"",""51"""
"164,""Cem Şimşek"",""Arkadaşlarımla keyifli bir akşam geçirdik, tavsiye ederim."",""4"",""2024-09-04 18:31:00+00"",""True"",""52"""
"165,""Sibel Çakır"",""Bir kez gidebilirsiniz ama özel bir sebebim olmadan tekrar gitmem."",""3"",""2024-03-08 14:36:00+00"",""False"",""61"""
"166,""Deniz Kılıç"",""Fiyat biraz yüksek ama kalite bunu karşılıyor."",""4"",""2025-01-01 16:53:00+00"",""True"",""52"""
"167,""Tuğba Erdem"",""Kaliteli malzemeler kullanılmış, yemek tadı yerindeydi."",""4"",""2024-10-31 13:10:00+00"",""True"",""41"""
"168,""Derya Güler"",""Malzemeler taze ve kaliteli, yemek gerçekten nefisti."",""5"",""2024-08-02 17:30:00+00"",""True"",""14"""
"169,""Serkan Tekin"",""Harika bir akşam yemeği deneyimi, fiyat kalite dengesi mükemmel."",""5"",""2025-03-01 17:29:00+00"",""True"",""41"""
"170,""Erkan Ateş"",""Porsiyon küçüktü ve lezzet de tatmin edici değildi."",""2"",""2024-08-09 21:30:00+00"",""True"",""34"""
"171,""Uğur Keskin"",""Çok gürültülüydü ve yemek kalitesi beklediğimin altındaydı."",""2"",""2024-10-15 18:01:00+00"",""True"",""58"""
"172,""Filiz Yavuz"",""Bir daha gelmem, hayal kırıklığıyla ayrıldım."",""2"",""2024-10-10 13:04:00+00"",""False"",""54"""
"173,""Hatice Yıldız"",""Tarifi aklımdan çıkmıyor, inanılmaz lezzetliydi."",""5"",""2024-11-25 11:58:00+00"",""True"",""38"""
"174,""Tolga Demirtaş"",""Yemekler taze ve lezzetliydi, atmosfer de güzeldi."",""4"",""2024-11-21 15:27:00+00"",""True"",""62"""
"175,""Derya Güler"",""Kesinlikle gitmeyin, vakit ve para kaybı."",""1"",""2024-03-09 20:39:00+00"",""True"",""24"""
"176,""Yasemin Gürbüz"",""Hayatımda yediğim en lezzetli yemekti, kesinlikle tavsiye ederim!"",""5"",""2025-01-05 12:54:00+00"",""True"",""48"""
"177,""Mehmet Kaya"",""Yemekler tazeydi ve oldukça lezzetliydi, teşekkürler!"",""5"",""2024-09-20 16:29:00+00"",""True"",""13"""
"178,""Yasemin Gürbüz"",""Servis hızlıydı ve garsonlar çok ilgiliydi. Tavsiye ederim."",""5"",""2024-05-06 18:36:00+00"",""True"",""44"""
"179,""Ali Şahin"",""Genel değerlendirmem olumlu, tekrar gelebilirim."",""4"",""2024-08-05 15:31:00+00"",""True"",""54"""
"180,""Özkan Turan"",""Porsiyon bolluğu ve lezzeti gerçekten etkileyiciydi."",""5"",""2024-10-12 19:30:00+00"",""True"",""31"""
"181,""Ali Şahin"",""Muhteşem lezzetler, servis mükemmeldi. Tekrar geleceğim."",""5"",""2024-06-03 19:37:00+00"",""True"",""50"""
"182,""Neslihan Öz"",""Servis süresi biraz uzundu ve yemek sıcaklığı düşmüştü."",""3"",""2024-04-28 18:45:00+00"",""True"",""43"""
"183,""Mehmet Kaya"",""Servis biraz geç geldi ama yemek bunu telafi etti."",""4"",""2025-01-11 20:39:00+00"",""True"",""9"""
"184,""Tolga Demirtaş"",""Servis iyiydi ama yemek pek heyecan verici değildi."",""3"",""2024-12-12 10:59:00+00"",""True"",""48"""
"185,""Aslı Bozkurt"",""Porsiyon biraz daha büyük olabilirdi ama lezzet gayet iyiydi."",""4"",""2024-11-28 11:15:00+00"",""True"",""56"""
"186,""Merve Bulut"",""Lezzet açısından beklentilerimi karşıladı."",""4"",""2024-09-09 14:30:00+00"",""True"",""61"""
"187,""Bülent Karaca"",""Mutfak ekibi gerçekten başarılı, tebrik ederim."",""4"",""2024-09-22 13:11:00+00"",""True"",""21"""
"188,""Kemal Erdoğan"",""Beklentilerimin altında kaldı, düzeltilmesi gereken yerler var."",""3"",""2024-01-19 15:48:00+00"",""True"",""55"""
"189,""Neslihan Öz"",""Yemekler lezzetliydi, sadece bekleme süresi biraz uzundu."",""4"",""2024-12-15 20:45:00+00"",""False"",""18"""
"190,""Haluk Sarı"",""Bütün akşamı mahvettiler, büyük hayal kırıklığı."",""1"",""2024-01-05 18:56:00+00"",""True"",""11"""
"191,""Büşra Korkmaz"",""Atmosfer çok güzeldi, yemekler de bir o kadar lezzetliydi."",""5"",""2024-01-10 12:09:00+00"",""True"",""53"""
"192,""Ahmet Yılmaz"",""Menüde yazanlarla gelen yemek arasında fark vardı."",""2"",""2024-12-18 16:46:00+00"",""True"",""19"""
"193,""Özkan Turan"",""Yemeğin pişirme tekniği çok iyiydi, beğendim."",""4"",""2025-01-15 20:59:00+00"",""False"",""40"""
"194,""Ayşe Demir"",""Yemeğin üzerine tatlı da harikaydı, tam puan veriyorum."",""5"",""2025-02-08 11:32:00+00"",""False"",""35"""
"195,""Uğur Keskin"",""Servis hızlıydı ve garsonlar çok ilgiliydi. Tavsiye ederim."",""5"",""2024-12-15 22:24:00+00"",""False"",""20"""
"196,""Alper Doğru"",""Servis süresi biraz uzundu ve yemek sıcaklığı düşmüştü."",""3"",""2024-05-08 14:47:00+00"",""True"",""38"""
"197,""Erkan Ateş"",""Güzel bir mekan, yemekler de oldukça başarılıydı."",""4"",""2024-11-16 19:43:00+00"",""True"",""60"""
"198,""Serap Altın"",""Malzemeler tazeydi ve yemek lezzetliydi, memnun ayrıldım."",""4"",""2024-03-17 16:57:00+00"",""True"",""54"""
"199,""Mehmet Kaya"",""Servis süresi biraz uzundu ve yemek sıcaklığı düşmüştü."",""3"",""2025-02-14 22:12:00+00"",""True"",""15"""
"200,""Hasan Koç"",""Temizlik konusunda sorunlar gördüm, rahatsız edici."",""2"",""2024-09-26 13:10:00+00"",""True"",""18"""
"201,""Gamze Uysal"",""Mutfak temizliği konusunda ciddi endişelerim var."",""1"",""2024-08-09 20:17:00+00"",""True"",""42"""
"202,""Cem Şimşek"",""Atmosfer çok güzeldi, yemekler de bir o kadar lezzetliydi."",""5"",""2024-02-13 11:08:00+00"",""True"",""57"""
"203,""Emre Çetin"",""Daha önce gittiğimde daha iyiydi, kalite düşmüş gibi."",""3"",""2025-01-01 10:20:00+00"",""True"",""37"""
"204,""Reyhan Tok"",""Muhteşem lezzetler, servis mükemmeldi. Tekrar geleceğim."",""5"",""2024-08-11 19:44:00+00"",""True"",""8"""
"205,""Hüseyin Polat"",""Mutfak ekibi gerçekten başarılı, tebrik ederim."",""4"",""2024-07-03 14:49:00+00"",""True"",""39"""
"206,""Fatma Çelik"",""Her şey harikaydı, özellikle sunumu çok beğendim."",""5"",""2024-02-06 22:35:00+00"",""True"",""54"""
"207,""Gül Özdemir"",""Yemek fazla tuzluydu ve pişirme tekniği iyiydi."",""2"",""2024-03-03 15:05:00+00"",""True"",""49"""
"208,""Serap Altın"",""Beklentilerimin çok üzerinde bir deneyim yaşadım."",""5"",""2024-02-06 19:32:00+00"",""True"",""10"""
"209,""Özkan Turan"",""Gıda zehirlenmesi geçirdim, çok tehlikeli!"",""1"",""2024-03-05 15:23:00+00"",""False"",""49"""
"210,""Gül Özdemir"",""Personel güleryüzlüydü ve yemekler süperdi."",""5"",""2024-10-22 19:21:00+00"",""True"",""13"""
"211,""Oğuz Avcı"",""Muhteşem lezzetler, servis mükemmeldi. Tekrar geleceğim."",""5"",""2024-06-01 18:49:00+00"",""False"",""10"""
"212,""Hatice Yıldız"",""Bu kadar lezzetli bir yemek yememiştim, çok memnun kaldım."",""5"",""2024-02-01 10:27:00+00"",""True"",""47"""
"213,""Elif Aydın"",""Yemekler lezzetliydi, sadece bekleme süresi biraz uzundu."",""4"",""2024-08-18 13:06:00+00"",""True"",""39"""
"214,""Tolga Demirtaş"",""Mutfak ekibi gerçekten başarılı, tebrik ederim."",""4"",""2024-04-27 22:47:00+00"",""True"",""12"""
"215,""Sibel Çakır"",""Genel olarak memnunum, küçük detaylarda iyileştirme yapılabilir."",""4"",""2024-07-19 16:27:00+00"",""True"",""41"""
"216,""Ahmet Yılmaz"",""Yemek soğuk, servis kötü, ortam gürültülü."",""1"",""2024-08-09 18:33:00+00"",""False"",""48"""
"217,""Koray Başaran"",""Lezzet açısından beklentilerimi karşıladı."",""4"",""2024-05-06 16:37:00+00"",""True"",""31"""
"218,""Derya Güler"",""Porsiyon bolluğu ve lezzeti gerçekten etkileyiciydi."",""5"",""2024-05-27 21:55:00+00"",""False"",""42"""
"219,""Pınar Arslan"",""Porsiyon biraz daha büyük olabilirdi ama lezzet gayet iyiydi."",""4"",""2024-05-20 11:22:00+00"",""True"",""60"""
"220,""Selim Işık"",""Yemeğin pişirme tekniği çok iyiydi, beğendim."",""4"",""2024-03-25 18:45:00+00"",""False"",""12"""
"221,""Volkan Ekici"",""Servis hızlıydı ve garsonlar çok ilgiliydi. Tavsiye ederim."",""5"",""2024-03-27 21:46:00+00"",""True"",""15"""
"222,""Sibel Çakır"",""Yemeğin üzerine tatlı da harikaydı, tam puan veriyorum."",""5"",""2024-08-05 22:31:00+00"",""True"",""35"""
"223,""Koray Başaran"",""Beklentilerimin çok üzerinde bir deneyim yaşadım."",""5"",""2024-08-11 12:17:00+00"",""True"",""48"""
"224,""Ali Şahin"",""Normal bir restoran, özel bir özelliği yok."",""3"",""2024-07-13 17:15:00+00"",""False"",""38"""
"225,""Cem Şimşek"",""Hem servis hem yemek rezaletti, param çöpe gitti."",""1"",""2024-06-09 12:51:00+00"",""True"",""51"""
"226,""Elif Aydın"",""İyi bir deneyimdi, ufak aksaklıklar olsa da güzeldi."",""4"",""2024-06-25 10:50:00+00"",""False"",""30"""
"227,""Selin Kara"",""Yemek idare ederdi, ne çok iyiydi ne çok kötü."",""3"",""2024-07-02 20:35:00+00"",""True"",""59"""
"228,""Alper Doğru"",""Atmosfer çok güzeldi, yemekler de bir o kadar lezzetliydi."",""5"",""2024-10-18 10:29:00+00"",""True"",""54"""
"229,""Bülent Karaca"",""Tarifi aklımdan çıkmıyor, inanılmaz lezzetliydi."",""5"",""2024-03-23 11:02:00+00"",""True"",""50"""
"230,""Elif Aydın"",""Malzemeler tazeydi ama pişirme tekniği biraz eksikti."",""3"",""2024-01-17 10:52:00+00"",""True"",""37"""
"231,""Özkan Turan"",""Çok güzel sunulmuş, lezzet de tatmin ediciydi."",""4"",""2024-02-12 10:30:00+00"",""True"",""29"""
"232,""Ayşe Demir"",""Orta seviye bir deneyim, iyileştirme yapılabilir."",""3"",""2025-01-28 21:23:00+00"",""False"",""57"""
"233,""Oğuz Avcı"",""Porsiyon bolluğu ve lezzeti gerçekten etkileyiciydi."",""5"",""2024-09-07 17:45:00+00"",""True"",""55"""
"234,""Sibel Çakır"",""Genel olarak memnunum, küçük detaylarda iyileştirme yapılabilir."",""4"",""2024-03-04 18:37:00+00"",""True"",""49"""
"235,""Büşra Korkmaz"",""Her şey harikaydı, özellikle sunumu çok beğendim."",""5"",""2024-08-01 19:51:00+00"",""True"",""15"""
"236,""Neslihan Öz"",""Kaliteli malzemeler kullanılmış, yemek tadı yerindeydi."",""4"",""2024-10-15 16:09:00+00"",""True"",""39"""
"237,""Emre Çetin"",""Yemek idare ederdi, ne çok iyiydi ne çok kötü."",""3"",""2024-12-31 21:18:00+00"",""True"",""13"""
"238,""Taner Özcan"",""Dostlarımla geldim, hepimiz çok beğendik. Harika!"",""5"",""2025-02-10 12:01:00+00"",""True"",""54"""
"239,""Hatice Yıldız"",""Çok güzel bir deneyimdi, servis biraz daha hızlı olabilirdi."",""4"",""2024-04-28 16:33:00+00"",""True"",""5"""
"240,""Taner Özcan"",""Yemekler lezzetliydi, sadece bekleme süresi biraz uzundu."",""4"",""2024-07-02 10:13:00+00"",""True"",""43"""
"241,""Mehtap Bilgin"",""Ailecek geldik, herkes çok memnun kaldı. Teşekkürler!"",""5"",""2025-01-09 22:09:00+00"",""True"",""24"""
"242,""Hüseyin Polat"",""Bir kez gidebilirsiniz ama özel bir sebebim olmadan tekrar gitmem."",""3"",""2025-02-03 20:00:00+00"",""True"",""23"""
"243,""Bülent Karaca"",""Malzemeler tazeydi ve yemek lezzetliydi, memnun ayrıldım."",""4"",""2024-08-04 14:54:00+00"",""False"",""56"""
"244,""Elif Aydın"",""Daha önce gittiğimde daha iyiydi, kalite düşmüş gibi."",""3"",""2024-12-17 13:09:00+00"",""True"",""28"""
"245,""Tolga Demirtaş"",""Malzemeler tazeydi ama pişirme tekniği biraz eksikti."",""3"",""2024-09-06 18:37:00+00"",""True"",""5"""
"246,""Reyhan Tok"",""Genel olarak memnunum, küçük detaylarda iyileştirme yapılabilir."",""4"",""2024-12-20 14:43:00+00"",""True"",""11"""
"247,""Murat Güneş"",""Yemeğin pişirme tekniği çok iyiydi, beğendim."",""4"",""2024-08-07 22:50:00+00"",""True"",""43"""
"248,""Emre Çetin"",""Fiyat ve kalite dengesi tam oturmamış."",""3"",""2024-05-03 20:41:00+00"",""True"",""49"""
"249,""Hüseyin Polat"",""Bu fiyata bu kalite gerçekten takdire şayan."",""5"",""2024-11-11 12:52:00+00"",""True"",""47"""
"250,""Serap Altın"",""En berbat deneyimimi bu restoranda yaşadım."",""1"",""2024-10-12 13:19:00+00"",""True"",""52"""
"251,""Kemal Erdoğan"",""Lezzet açısından beklentilerimi karşıladı."",""4"",""2024-04-29 10:30:00+00"",""True"",""15"""
"252,""Murat Güneş"",""Beklentilerimi tam karşılamadı ama yenebilir düzeydeydi."",""3"",""2024-03-16 20:32:00+00"",""True"",""46"""
"253,""Reyhan Tok"",""Servis hızlıydı ve garsonlar çok ilgiliydi. Tavsiye ederim."",""5"",""2024-06-04 12:18:00+00"",""True"",""29"""
"254,""Volkan Ekici"",""Yemeğin pişirme tekniği çok iyiydi, beğendim."",""4"",""2024-09-19 15:24:00+00"",""True"",""3"""
"255,""Taner Özcan"",""Genel olarak çok beğendim, küçük eksikler vardı ama yine de güzeldi."",""4"",""2024-03-30 22:29:00+00"",""True"",""47"""
"256,""Hatice Yıldız"",""Mutfak ekibi gerçekten başarılı, tebrik ederim."",""4"",""2024-10-24 12:32:00+00"",""True"",""60"""
"257,""Neslihan Öz"",""Personel güleryüzlüydü ve yemekler süperdi."",""5"",""2024-03-19 15:38:00+00"",""True"",""6"""
"258,""Gül Özdemir"",""Servis biraz geç geldi ama yemek bunu telafi etti."",""4"",""2025-01-14 11:53:00+00"",""True"",""43"""
"259,""Haluk Sarı"",""Bütün akşamı mahvettiler, büyük hayal kırıklığı."",""1"",""2024-09-14 21:23:00+00"",""True"",""48"""
"260,""Zeynep Arslan"",""Kaliteli malzemeler kullanılmış, yemek tadı yerindeydi."",""4"",""2024-04-19 15:41:00+00"",""True"",""14"""
"261,""Reyhan Tok"",""Malzemeler taze ve kaliteli, yemek gerçekten nefisti."",""5"",""2024-12-03 14:58:00+00"",""True"",""1"""
"262,""Zehra Aktaş"",""Yemeğin üzerine tatlı da harikaydı, tam puan veriyorum."",""5"",""2024-05-17 21:03:00+00"",""False"",""8"""
"263,""Ali Şahin"",""Lezzet fena değildi ama özel bir şey de yoktu."",""3"",""2024-08-28 12:39:00+00"",""True"",""17"""
"264,""Mehmet Kaya"",""Ortam güzeldi ama yemekler beklediğim kadar iyi değildi."",""3"",""2024-04-11 18:45:00+00"",""True"",""44"""
"265,""Mehmet Kaya"",""Genel değerlendirmem olumlu, tekrar gelebilirim."",""4"",""2024-05-01 16:56:00+00"",""True"",""12"""
"266,""Filiz Yavuz"",""Lezzet açısından ciddi eksiklikler vardı."",""2"",""2025-01-23 22:24:00+00"",""False"",""50"""
"267,""Merve Bulut"",""Malzemeler bayat, yemek berbat, servis yavaş."",""1"",""2024-08-17 18:43:00+00"",""True"",""5"""
"268,""Sibel Çakır"",""Yemeğin üzerine tatlı da harikaydı, tam puan veriyorum."",""5"",""2024-12-05 15:50:00+00"",""True"",""25"""
"269,""Hatice Yıldız"",""Daha önce gittiğimde daha iyiydi, kalite düşmüş gibi."",""3"",""2024-05-13 19:02:00+00"",""True"",""50"""
"270,""Emre Çetin"",""Porsiyon bolluğu ve lezzeti gerçekten etkileyiciydi."",""5"",""2024-02-27 20:59:00+00"",""True"",""6"""
"271,""Taner Özcan"",""Lezzet açısından beklentilerimi karşıladı."",""4"",""2025-02-02 11:02:00+00"",""True"",""13"""
"272,""Mustafa Öztürk"",""Dostlarımla geldim, hepimiz çok beğendik. Harika!"",""5"",""2024-06-29 19:45:00+00"",""True"",""3"""
"273,""Haluk Sarı"",""Porsiyon bolluğu ve lezzeti gerçekten etkileyiciydi."",""5"",""2024-02-08 21:29:00+00"",""True"",""15"""
"274,""Tolga Demirtaş"",""Arkadaşlarımla keyifli bir akşam geçirdik, tavsiye ederim."",""4"",""2024-07-20 11:23:00+00"",""True"",""58"""
"275,""Taner Özcan"",""Servis süresi biraz uzundu ve yemek sıcaklığı düşmüştü."",""3"",""2024-01-05 11:04:00+00"",""True"",""50"""
"276,""Selin Kara"",""Malzemeler tazeydi ve yemek lezzetliydi, memnun ayrıldım."",""4"",""2024-11-11 15:27:00+00"",""True"",""60"""
"277,""Koray Başaran"",""Harika bir akşam yemeği deneyimi, fiyat kalite dengesi mükemmel."",""5"",""2024-08-10 10:47:00+00"",""True"",""1"""
"278,""Serkan Tekin"",""Bu kadar kötü bir restoran görmedim, şikayetçiyim."",""1"",""2024-07-10 22:34:00+00"",""True"",""20"""
"279,""Oğuz Avcı"",""Atmosfer çok güzeldi, yemekler de bir o kadar lezzetliydi."",""5"",""2024-05-10 20:40:00+00"",""True"",""25"""
"280,""Kemal Erdoğan"",""Bu fiyata bu kalite gerçekten takdire şayan."",""5"",""2024-06-06 22:36:00+00"",""True"",""27"""
"281,""Oğuz Avcı"",""Hayatımda yediğim en lezzetli yemekti, kesinlikle tavsiye ederim!"",""5"",""2024-06-25 14:06:00+00"",""False"",""32"""
"282,""Erkan Ateş"",""Yemekler tazeydi ve oldukça lezzetliydi, teşekkürler!"",""5"",""2024-08-10 17:41:00+00"",""True"",""20"""
"283,""İbrahim Doğan"",""Beklentilerimin çok üzerinde bir deneyim yaşadım."",""5"",""2024-05-15 22:39:00+00"",""True"",""46"""
"284,""Pınar Arslan"",""Genel olarak çok beğendim, küçük eksikler vardı ama yine de güzeldi."",""4"",""2025-02-05 11:01:00+00"",""True"",""17"""
"285,""Esra Kaplan"",""Hayatımda yediğim en lezzetli yemekti, kesinlikle tavsiye ederim!"",""5"",""2025-01-10 17:16:00+00"",""True"",""5"""
"286,""Emine Kurt"",""Temizlik konusunda sorunlar gördüm, rahatsız edici."",""2"",""2024-02-14 15:24:00+00"",""True"",""5"""
"287,""Alper Doğru"",""Yemekler tazeydi ve oldukça lezzetliydi, teşekkürler!"",""5"",""2024-12-16 18:01:00+00"",""True"",""33"""
"288,""Ali Şahin"",""Çok gürültülüydü ve yemek kalitesi beklediğimin altındaydı."",""2"",""2024-12-21 19:56:00+00"",""True"",""39"""
"289,""Uğur Keskin"",""Bir kez gidebilirsiniz ama özel bir sebebim olmadan tekrar gitmem."",""3"",""2024-02-28 15:19:00+00"",""True"",""50"""
"290,""Murat Güneş"",""En iyi restoranlardan biri, kesinlikle tekrar geleceğim."",""5"",""2024-02-20 15:24:00+00"",""False"",""62"""
"291,""Derya Güler"",""Lezzet fena değildi ama özel bir şey de yoktu."",""3"",""2025-01-12 20:37:00+00"",""False"",""37"""
"292,""Alper Doğru"",""Servis hızlıydı ve garsonlar çok ilgiliydi. Tavsiye ederim."",""5"",""2024-09-17 12:14:00+00"",""True"",""16"""
"293,""Koray Başaran"",""Genel olarak çok beğendim, küçük eksikler vardı ama yine de güzeldi."",""4"",""2024-10-20 16:51:00+00"",""True"",""10"""
"294,""Esra Kaplan"",""Servis süresi biraz uzundu ve yemek sıcaklığı düşmüştü."",""3"",""2025-02-26 21:53:00+00"",""True"",""53"""
"295,""Tolga Demirtaş"",""Her şey harikaydı, özellikle sunumu çok beğendim."",""5"",""2025-01-30 13:27:00+00"",""True"",""62"""
"296,""Zehra Aktaş"",""Yemekler taze ve lezzetliydi, atmosfer de güzeldi."",""4"",""2024-03-15 22:05:00+00"",""True"",""4"""
"297,""Ayşe Demir"",""Tarifi aklımdan çıkmıyor, inanılmaz lezzetliydi."",""5"",""2024-11-17 10:46:00+00"",""True"",""56"""
"298,""Mehtap Bilgin"",""İyi bir deneyimdi, ufak aksaklıklar olsa da güzeldi."",""4"",""2024-08-18 17:31:00+00"",""True"",""16"""
"299,""Aslı Bozkurt"",""Genel olarak memnunum, küçük detaylarda iyileştirme yapılabilir."",""4"",""2025-01-16 16:55:00+00"",""True"",""7"""
"300,""Yasemin Gürbüz"",""Bu fiyata bu kalite gerçekten takdire şayan."",""5"",""2025-02-21 19:47:00+00"",""True"",""55"""
"301,""Taner Özcan"",""Genel olarak memnunum, küçük detaylarda iyileştirme yapılabilir."",""4"",""2024-04-30 14:11:00+00"",""True"",""35"""
"302,""Derya Güler"",""Yemek idare ederdi, ne çok iyiydi ne çok kötü."",""3"",""2024-11-21 10:31:00+00"",""True"",""39"""
"303,""Mehmet Kaya"",""Yemekler taze ve lezzetliydi, atmosfer de güzeldi."",""4"",""2024-12-18 19:10:00+00"",""True"",""10"""
"304,""Tuğba Erdem"",""Mutfak ekibi gerçekten başarılı, tebrik ederim."",""4"",""2024-04-26 15:35:00+00"",""False"",""10"""
"305,""Hüseyin Polat"",""Ailecek geldik, herkes çok memnun kaldı. Teşekkürler!"",""5"",""2024-02-29 18:20:00+00"",""False"",""1"""
"306,""Fatma Çelik"",""Ailecek geldik, herkes çok memnun kaldı. Teşekkürler!"",""5"",""2024-03-29 17:54:00+00"",""False"",""42"""
"307,""Zehra Aktaş"",""Yemekler lezzetliydi, sadece bekleme süresi biraz uzundu."",""4"",""2024-06-20 14:02:00+00"",""True"",""4"""
"308,""Mehmet Kaya"",""Lezzet açısından beklentilerimi karşıladı."",""4"",""2025-01-13 15:03:00+00"",""True"",""26"""
"309,""Ayşe Demir"",""Fiyat biraz yüksek ama kalite bunu karşılıyor."",""4"",""2024-04-19 16:29:00+00"",""True"",""27"""
"310,""Gül Özdemir"",""Bu fiyata bu kalite gerçekten takdire şayan."",""5"",""2024-05-20 18:59:00+00"",""True"",""8"""
"311,""Volkan Ekici"",""Tavsiye ederim, lezzet gayet iyiydi. Bir dahaki sefere de geleceğim."",""4"",""2024-01-19 20:48:00+00"",""True"",""26"""
"312,""Zehra Aktaş"",""Malzemeler taze ve kaliteli, yemek gerçekten nefisti."",""5"",""2024-09-08 15:29:00+00"",""True"",""17"""
"313,""Ahmet Yılmaz"",""Kaliteli malzemeler kullanılmış, yemek tadı yerindeydi."",""4"",""2025-02-10 19:59:00+00"",""False"",""2"""
"314,""Bülent Karaca"",""Ailecek geldik, herkes çok memnun kaldı. Teşekkürler!"",""5"",""2024-05-29 14:14:00+00"",""True"",""51"""
"315,""Zeynep Arslan"",""Atmosfer çok güzeldi, yemekler de bir o kadar lezzetliydi."",""5"",""2024-12-04 16:40:00+00"",""True"",""18"""
"316,""Elif Aydın"",""Personel güleryüzlüydü ve yemekler süperdi."",""5"",""2024-11-21 14:55:00+00"",""True"",""55"""
"317,""Erkan Ateş"",""Bütün akşamı mahvettiler, büyük hayal kırıklığı."",""1"",""2024-02-24 19:25:00+00"",""True"",""56"""
"318,""Erkan Ateş"",""Bu restoran kapatılmalı, standartlar çok düşük."",""1"",""2024-09-19 16:01:00+00"",""True"",""18"""
"319,""Taner Özcan"",""Ailecek geldik, herkes çok memnun kaldı. Teşekkürler!"",""5"",""2024-01-16 11:57:00+00"",""True"",""1"""
"320,""Tuğba Erdem"",""Malzemeler taze ve kaliteli, yemek gerçekten nefisti."",""5"",""2024-08-12 14:37:00+00"",""False"",""51"""
"321,""Tolga Demirtaş"",""Fiyat biraz yüksek ama kalite bunu karşılıyor."",""4"",""2024-01-10 16:03:00+00"",""True"",""58"""
"322,""Volkan Ekici"",""Yemekler lezzetliydi, sadece bekleme süresi biraz uzundu."",""4"",""2024-11-21 22:19:00+00"",""True"",""34"""
"323,""Uğur Keskin"",""Malzemeler tazeydi ve yemek lezzetliydi, memnun ayrıldım."",""4"",""2024-12-24 13:47:00+00"",""True"",""11"""
"324,""Ali Şahin"",""Ortam güzeldi ama yemekler beklediğim kadar iyi değildi."",""3"",""2024-01-17 22:02:00+00"",""False"",""13"""
"325,""Büşra Korkmaz"",""Muhteşem lezzetler, servis mükemmeldi. Tekrar geleceğim."",""5"",""2024-09-05 18:00:00+00"",""False"",""33"""
"326,""Tuğba Erdem"",""Lezzet açısından gelişime açık, tekrar düşünürüm."",""3"",""2025-02-27 21:52:00+00"",""True"",""44"""
"327,""Tolga Demirtaş"",""Yemeğin pişirme tekniği çok iyiydi, beğendim."",""4"",""2024-05-31 21:40:00+00"",""True"",""30"""
"328,""Hasan Koç"",""Lezzet konusunda hiçbir şikayetim yok, mükemmeldi."",""5"",""2024-12-26 13:04:00+00"",""True"",""2"""
"329,""Elif Aydın"",""Yemeğin içinden taze olmayan malzeme çıktı."",""2"",""2025-02-19 14:42:00+00"",""True"",""35"""
"330,""Cem Şimşek"",""Beklentilerimin çok üzerinde bir deneyim yaşadım."",""5"",""2025-01-22 10:33:00+00"",""True"",""40"""
"331,""Mehmet Kaya"",""Malzemeler tazeydi ama pişirme tekniği biraz eksikti."",""3"",""2024-05-18 14:26:00+00"",""True"",""43"""
"332,""Hatice Yıldız"",""En iyi restoranlardan biri, kesinlikle tekrar geleceğim."",""5"",""2024-01-30 13:14:00+00"",""True"",""62"""
"333,""Kemal Erdoğan"",""Çok güzel bir deneyimdi, servis biraz daha hızlı olabilirdi."",""4"",""2024-09-29 15:49:00+00"",""False"",""51"""
"334,""Mehtap Bilgin"",""Malzemeler tazeydi ve yemek lezzetliydi, memnun ayrıldım."",""4"",""2024-07-06 11:11:00+00"",""True"",""8"""
"335,""Deniz Kılıç"",""Arkadaşlarımla keyifli bir akşam geçirdik, tavsiye ederim."",""4"",""2024-03-02 11:24:00+00"",""True"",""51"""
"336,""Tolga Demirtaş"",""Bir dahaki sefere farklı şeyler denemek istiyorum."",""4"",""2024-03-21 10:29:00+00"",""True"",""25"""
"337,""Murat Güneş"",""Beklentilerimin çok altında kaldı, tavsiye etmem."",""2"",""2024-01-06 21:17:00+00"",""True"",""37"""
"338,""Koray Başaran"",""Yemekler tazeydi ve oldukça lezzetliydi, teşekkürler!"",""5"",""2024-05-13 18:18:00+00"",""True"",""23"""
"339,""Kemal Erdoğan"",""Her şey harikaydı, özellikle sunumu çok beğendim."",""5"",""2024-11-10 12:39:00+00"",""True"",""13"""
"340,""Selin Kara"",""Malzemeler tazeydi ama pişirme tekniği biraz eksikti."",""3"",""2024-11-22 12:55:00+00"",""True"",""54"""
"341,""Erkan Ateş"",""Dostlarımla geldim, hepimiz çok beğendik. Harika!"",""5"",""2024-05-20 15:19:00+00"",""True"",""10"""
"342,""Koray Başaran"",""Birkaç şeyi beğendim birkaç şeyi beğenmedim."",""3"",""2025-01-28 20:20:00+00"",""False"",""43"""
"343,""Yasemin Gürbüz"",""Bir dahaki sefere farklı şeyler denemek istiyorum."",""4"",""2025-01-04 12:13:00+00"",""True"",""15"""
"344,""Reyhan Tok"",""Bir dahaki sefere farklı şeyler denemek istiyorum."",""4"",""2025-03-01 15:40:00+00"",""True"",""34"""
"345,""Haluk Sarı"",""Porsiyon bolluğu ve lezzeti gerçekten etkileyiciydi."",""5"",""2024-02-21 10:24:00+00"",""True"",""36"""
"346,""Reyhan Tok"",""Muhteşem lezzetler, servis mükemmeldi. Tekrar geleceğim."",""5"",""2024-06-14 16:26:00+00"",""True"",""50"""
"347,""Zehra Aktaş"",""Bu restoran kapatılmalı, standartlar çok düşük."",""1"",""2025-01-24 12:17:00+00"",""True"",""57"""
"348,""Selin Kara"",""Ailecek geldik, herkes çok memnun kaldı. Teşekkürler!"",""5"",""2024-11-03 13:27:00+00"",""False"",""20"""
"349,""Emre Çetin"",""Ailecek geldik, herkes çok memnun kaldı. Teşekkürler!"",""5"",""2024-10-04 18:07:00+00"",""True"",""61"""
"350,""Hüseyin Polat"",""Yemekler tazeydi ve oldukça lezzetliydi, teşekkürler!"",""5"",""2024-07-08 15:52:00+00"",""True"",""50"""
"351,""Deniz Kılıç"",""Hayatımda yediğim en lezzetli yemekti, kesinlikle tavsiye ederim!"",""5"",""2024-08-08 16:48:00+00"",""False"",""33"""
"352,""Özkan Turan"",""Hayatımda yediğim en lezzetli yemekti, kesinlikle tavsiye ederim!"",""5"",""2024-02-25 14:40:00+00"",""True"",""13"""
"353,""İbrahim Doğan"",""Servis hızlıydı ve garsonlar çok ilgiliydi. Tavsiye ederim."",""5"",""2024-07-22 22:15:00+00"",""True"",""37"""
"354,""Barış Yurt"",""Yemek idare ederdi, ne çok iyiydi ne çok kötü."",""3"",""2025-02-19 20:40:00+00"",""True"",""49"""
"355,""Alper Doğru"",""Yemeğin pişirme tekniği çok iyiydi, beğendim."",""4"",""2024-07-28 21:12:00+00"",""False"",""38"""
"356,""Haluk Sarı"",""Beklentilerimin altında kaldı, düzeltilmesi gereken yerler var."",""3"",""2024-07-11 10:48:00+00"",""True"",""31"""
"357,""Özkan Turan"",""Oldukça kötü bir deneyimdi, tavsiye etmiyorum."",""2"",""2024-04-11 10:11:00+00"",""False"",""28"""
"358,""Volkan Ekici"",""Çok güzel bir deneyimdi, servis biraz daha hızlı olabilirdi."",""4"",""2024-08-16 13:10:00+00"",""True"",""8"""
"359,""Selim Işık"",""Yemekler tazeydi ve oldukça lezzetliydi, teşekkürler!"",""5"",""2024-03-10 21:34:00+00"",""True"",""36"""
"360,""Selin Kara"",""Lezzet açısından beklentilerimi karşıladı."",""4"",""2024-09-03 14:52:00+00"",""True"",""42"""
"361,""Reyhan Tok"",""Çok güzel sunulmuş, lezzet de tatmin ediciydi."",""4"",""2024-03-29 11:03:00+00"",""True"",""22"""
"362,""Aslı Bozkurt"",""Yemeğin üzerine tatlı da harikaydı, tam puan veriyorum."",""5"",""2025-01-16 18:51:00+00"",""False"",""2"""
"363,""Derya Güler"",""Beklentilerimin çok üzerinde bir deneyim yaşadım."",""5"",""2024-10-18 21:25:00+00"",""True"",""5"""
"364,""Uğur Keskin"",""Servis çok yavaştı ve yemek soğuk geldi."",""2"",""2024-02-19 12:18:00+00"",""False"",""43"""
"365,""Barış Yurt"",""Yemekler tazeydi ve oldukça lezzetliydi, teşekkürler!"",""5"",""2024-04-06 20:26:00+00"",""True"",""24"""
"366,""Hasan Koç"",""Yemeğin üzerine tatlı da harikaydı, tam puan veriyorum."",""5"",""2024-01-21 21:04:00+00"",""True"",""3"""
"367,""Esra Kaplan"",""Ne iyi ne kötü, sıradan bir restoran deneyimiydi."",""3"",""2024-05-17 15:12:00+00"",""True"",""49"""
"368,""Hasan Koç"",""Her şey harikaydı, özellikle sunumu çok beğendim."",""5"",""2024-08-03 18:54:00+00"",""True"",""38"""
"369,""Taner Özcan"",""Hayatımda yediğim en lezzetli yemekti, kesinlikle tavsiye ederim!"",""5"",""2024-11-09 16:20:00+00"",""True"",""18"""
"370,""Fatma Çelik"",""Ortalama bir deneyimdi, daha iyisini bekleyebilirdiniz."",""3"",""2024-04-02 17:33:00+00"",""True"",""14"""
"371,""Özkan Turan"",""Atmosfer çok güzeldi, yemekler de bir o kadar lezzetliydi."",""5"",""2024-10-28 22:56:00+00"",""True"",""3"""
"372,""Emine Kurt"",""Tarifi aklımdan çıkmıyor, inanılmaz lezzetliydi."",""5"",""2024-07-21 12:15:00+00"",""False"",""60"""
"373,""Taner Özcan"",""Genel olarak çok beğendim, küçük eksikler vardı ama yine de güzeldi."",""4"",""2024-05-04 18:21:00+00"",""True"",""47"""
"374,""Gamze Uysal"",""Menüde yazanlarla gelen yemek arasında fark vardı."",""2"",""2024-04-22 19:48:00+00"",""True"",""23"""
"375,""Esra Kaplan"",""Bu kadar lezzetli bir yemek yememiştim, çok memnun kaldım."",""5"",""2024-03-21 20:40:00+00"",""True"",""54"""
"376,""Selim Işık"",""Genel olarak çok beğendim, küçük eksikler vardı ama yine de güzeldi."",""4"",""2024-11-03 21:43:00+00"",""True"",""41"""
"377,""Selim Işık"",""Genel değerlendirmem olumlu, tekrar gelebilirim."",""4"",""2024-08-24 10:01:00+00"",""True"",""39"""
"378,""Esra Kaplan"",""Yemek pek lezzetli değildi, hayal kırıklığı yaşadım."",""2"",""2024-02-09 22:48:00+00"",""True"",""5"""
"379,""Tolga Demirtaş"",""Beklentilerimi tam karşılamadı ama yenebilir düzeydeydi."",""3"",""2025-01-16 15:29:00+00"",""True"",""3"""
"380,""Reyhan Tok"",""Bu fiyata bu kalite gerçekten takdire şayan."",""5"",""2025-02-03 16:57:00+00"",""False"",""33"""
"381,""Emre Çetin"",""Ailecek geldik, herkes çok memnun kaldı. Teşekkürler!"",""5"",""2024-06-30 18:14:00+00"",""True"",""20"""
"382,""Tuğba Erdem"",""Lezzet açısından beklentilerimi karşıladı."",""4"",""2024-11-20 11:51:00+00"",""True"",""9"""
"383,""Deniz Kılıç"",""Fiyatına göre çok düşük kaliteydi, memnun kalmadım."",""2"",""2025-01-05 16:38:00+00"",""True"",""21"""
"384,""Esra Kaplan"",""Ailecek geldik, herkes çok memnun kaldı. Teşekkürler!"",""5"",""2024-01-05 15:39:00+00"",""True"",""59"""
"385,""Murat Güneş"",""Porsiyon biraz daha büyük olabilirdi ama lezzet gayet iyiydi."",""4"",""2024-04-05 18:09:00+00"",""True"",""54"""
"386,""Haluk Sarı"",""Yemek yenilir düzeydeydi ama öne çıkan bir lezzeti yoktu."",""3"",""2024-12-17 21:33:00+00"",""True"",""44"""
"387,""Yasemin Gürbüz"",""Genel değerlendirmem olumlu, tekrar gelebilirim."",""4"",""2024-10-06 15:16:00+00"",""True"",""25"""
"388,""Hasan Koç"",""Yemek idare ederdi, ne çok iyiydi ne çok kötü."",""3"",""2024-08-16 11:08:00+00"",""True"",""15"""
"389,""Selin Kara"",""Servis hızlıydı ve garsonlar çok ilgiliydi. Tavsiye ederim."",""5"",""2024-02-12 13:03:00+00"",""True"",""24"""
"390,""Derya Güler"",""Bu kadar lezzetli bir yemek yememiştim, çok memnun kaldım."",""5"",""2024-06-15 18:43:00+00"",""True"",""59"""
"391,""Ali Şahin"",""Genel olarak çok beğendim, küçük eksikler vardı ama yine de güzeldi."",""4"",""2024-11-03 11:11:00+00"",""False"",""32"""
"392,""Mehmet Kaya"",""Bir dahaki sefere farklı şeyler denemek istiyorum."",""4"",""2025-01-10 20:17:00+00"",""True"",""17"""
"393,""Merve Bulut"",""Tarifi aklımdan çıkmıyor, inanılmaz lezzetliydi."",""5"",""2024-06-04 15:47:00+00"",""True"",""6"""
"394,""Kemal Erdoğan"",""Personel güleryüzlüydü ve yemekler süperdi."",""5"",""2024-09-09 20:26:00+00"",""True"",""60"""
"395,""Erkan Ateş"",""Servis biraz geç geldi ama yemek bunu telafi etti."",""4"",""2024-09-02 15:11:00+00"",""True"",""25"""
"396,""Murat Güneş"",""Genel değerlendirmem olumlu, tekrar gelebilirim."",""4"",""2025-02-24 17:22:00+00"",""True"",""16"""
"397,""Gamze Uysal"",""Bir dahaki sefere farklı şeyler denemek istiyorum."",""4"",""2024-05-24 17:47:00+00"",""True"",""39"""
"398,""Ahmet Yılmaz"",""Genel olarak çok beğendim, küçük eksikler vardı ama yine de güzeldi."",""4"",""2024-10-23 14:54:00+00"",""True"",""48"""
"399,""Volkan Ekici"",""Yemek soğuk, servis kötü, ortam gürültülü."",""1"",""2025-02-17 13:17:00+00"",""True"",""1"""
"400,""Emine Kurt"",""Malzemeler tazeydi ve yemek lezzetliydi, memnun ayrıldım."",""4"",""2025-02-17 14:51:00+00"",""False"",""19"""
"401,""Derya Güler"",""Genel olarak memnunum, küçük detaylarda iyileştirme yapılabilir."",""4"",""2024-04-28 11:44:00+00"",""True"",""59"""
"402,""Sibel Çakır"",""Lezzet açısından gelişime açık, tekrar düşünürüm."",""3"",""2024-12-16 20:54:00+00"",""True"",""61"""
"403,""Ahmet Yılmaz"",""Her şey harikaydı, özellikle sunumu çok beğendim."",""5"",""2024-05-17 17:48:00+00"",""True"",""16"""
"404,""Mustafa Öztürk"",""Çok güzel bir deneyimdi, servis biraz daha hızlı olabilirdi."",""4"",""2024-11-18 18:31:00+00"",""True"",""30"""
"405,""Filiz Yavuz"",""Bu restoran kapatılmalı, standartlar çok düşük."",""1"",""2024-03-14 10:47:00+00"",""True"",""3"""
"406,""Zehra Aktaş"",""Yemekler taze ve lezzetliydi, atmosfer de güzeldi."",""4"",""2024-10-12 20:38:00+00"",""True"",""24"""
"407,""Erkan Ateş"",""Lezzet açısından beklentilerimi karşıladı."",""4"",""2024-08-31 20:25:00+00"",""True"",""12"""
"408,""Selin Kara"",""Personel güleryüzlüydü ve yemekler süperdi."",""5"",""2024-04-03 15:38:00+00"",""True"",""20"""
"409,""Koray Başaran"",""Her şey harikaydı, özellikle sunumu çok beğendim."",""5"",""2024-11-09 15:00:00+00"",""True"",""21"""
"410,""Esra Kaplan"",""Çok güzel sunulmuş, lezzet de tatmin ediciydi."",""4"",""2024-07-11 16:41:00+00"",""False"",""29"""
"411,""Oğuz Avcı"",""Ortam güzeldi ama yemekler beklediğim kadar iyi değildi."",""3"",""2024-10-14 12:05:00+00"",""True"",""51"""
"412,""Aslı Bozkurt"",""Tarifi aklımdan çıkmıyor, inanılmaz lezzetliydi."",""5"",""2024-12-12 21:21:00+00"",""True"",""36"""
"413,""Barış Yurt"",""Ortam güzeldi ama yemekler beklediğim kadar iyi değildi."",""3"",""2024-05-13 15:41:00+00"",""True"",""45"""
"414,""Ahmet Yılmaz"",""İyi bir deneyimdi, ufak aksaklıklar olsa da güzeldi."",""4"",""2024-03-04 12:52:00+00"",""False"",""25"""
"415,""Haluk Sarı"",""Beklentilerimin çok üzerinde bir deneyim yaşadım."",""5"",""2024-07-05 14:18:00+00"",""True"",""6"""
"416,""Hüseyin Polat"",""Atmosfer çok güzeldi, yemekler de bir o kadar lezzetliydi."",""5"",""2024-03-07 21:50:00+00"",""False"",""9"""
"417,""Sibel Çakır"",""Lezzet konusunda hiçbir şikayetim yok, mükemmeldi."",""5"",""2024-09-12 10:34:00+00"",""True"",""34"""
"418,""Gamze Uysal"",""Yemeğin pişirme tekniği çok iyiydi, beğendim."",""4"",""2025-02-02 11:24:00+00"",""True"",""59"""
"419,""Filiz Yavuz"",""Bir daha gelmem, hayal kırıklığıyla ayrıldım."",""2"",""2025-01-13 21:39:00+00"",""True"",""58"""
"420,""Koray Başaran"",""Yemek yeterli düzeydeydi, fiyatına göre biraz pahalıydı."",""3"",""2024-12-26 10:28:00+00"",""False"",""50"""
"421,""Uğur Keskin"",""Lezzet açısından gelişime açık, tekrar düşünürüm."",""3"",""2025-02-16 11:44:00+00"",""True"",""47"""
"422,""Reyhan Tok"",""Mutfak ekibi gerçekten başarılı, tebrik ederim."",""4"",""2024-08-26 17:33:00+00"",""True"",""8"""
"423,""Selin Kara"",""Bu kadar kötü bir restoran görmedim, şikayetçiyim."",""1"",""2024-11-19 13:19:00+00"",""True"",""1"""
"424,""Bülent Karaca"",""Servis hızlıydı ve garsonlar çok ilgiliydi. Tavsiye ederim."",""5"",""2024-03-12 20:12:00+00"",""True"",""8"""
"425,""Selim Işık"",""Genel değerlendirmem olumlu, tekrar gelebilirim."",""4"",""2024-03-17 13:22:00+00"",""True"",""43"""
"426,""Esra Kaplan"",""Yemekler taze ve lezzetliydi, atmosfer de güzeldi."",""4"",""2024-03-28 10:43:00+00"",""True"",""13"""
"427,""Serap Altın"",""Normal bir restoran, özel bir özelliği yok."",""3"",""2024-08-04 18:19:00+00"",""False"",""12"""
"428,""Barış Yurt"",""Hayatımda yediğim en lezzetli yemekti, kesinlikle tavsiye ederim!"",""5"",""2024-08-07 16:39:00+00"",""True"",""59"""
"429,""Hasan Koç"",""En berbat deneyimimi bu restoranda yaşadım."",""1"",""2024-06-09 21:56:00+00"",""True"",""24"""
"430,""Kemal Erdoğan"",""Beklentilerimin altında kaldı, düzeltilmesi gereken yerler var."",""3"",""2024-08-29 17:20:00+00"",""True"",""13"""
"431,""Ahmet Yılmaz"",""Kaliteli malzemeler kullanılmış, yemek tadı yerindeydi."",""4"",""2024-10-25 22:23:00+00"",""True"",""39"""
"432,""Haluk Sarı"",""Ailecek geldik, herkes çok memnun kaldı. Teşekkürler!"",""5"",""2025-01-05 21:34:00+00"",""True"",""2"""
"433,""Selim Işık"",""Çok güzel sunulmuş, lezzet de tatmin ediciydi."",""4"",""2024-03-03 21:49:00+00"",""True"",""18"""
"434,""Ali Şahin"",""Yemeğin üzerine tatlı da harikaydı, tam puan veriyorum."",""5"",""2024-05-25 16:44:00+00"",""True"",""56"""
"435,""Reyhan Tok"",""Çok kötüydü, kesinlikle tavsiye etmiyorum!"",""1"",""2024-08-28 12:06:00+00"",""True"",""53"""
"436,""Mehmet Kaya"",""Lezzet konusunda hiçbir şikayetim yok, mükemmeldi."",""5"",""2024-09-15 18:50:00+00"",""True"",""25"""
"437,""Koray Başaran"",""Lezzet açısından gelişime açık, tekrar düşünürüm."",""3"",""2024-11-29 15:09:00+00"",""True"",""57"""
"438,""Derya Güler"",""Servis süresi biraz uzundu ve yemek sıcaklığı düşmüştü."",""3"",""2024-04-30 15:45:00+00"",""True"",""41"""
"439,""Mehtap Bilgin"",""Yemeğin üzerine tatlı da harikaydı, tam puan veriyorum."",""5"",""2024-09-16 15:40:00+00"",""True"",""61"""
"440,""Mustafa Öztürk"",""Çok güzel bir deneyimdi, servis biraz daha hızlı olabilirdi."",""4"",""2024-03-05 18:56:00+00"",""True"",""62"""
"441,""Zeynep Arslan"",""Personel güleryüzlüydü ve yemekler süperdi."",""5"",""2024-05-28 16:42:00+00"",""False"",""33"""
"442,""Serap Altın"",""Yemeğin pişirme tekniği çok iyiydi, beğendim."",""4"",""2024-09-18 10:47:00+00"",""True"",""35"""
"443,""Filiz Yavuz"",""Yemeğin üzerine tatlı da harikaydı, tam puan veriyorum."",""5"",""2024-04-29 11:07:00+00"",""True"",""25"""
"444,""Murat Güneş"",""Personel güleryüzlüydü ve yemekler süperdi."",""5"",""2025-02-25 11:17:00+00"",""False"",""22"""
"445,""Pınar Arslan"",""Porsiyon bolluğu ve lezzeti gerçekten etkileyiciydi."",""5"",""2024-01-24 22:53:00+00"",""True"",""5"""
"446,""Pınar Arslan"",""Harika bir akşam yemeği deneyimi, fiyat kalite dengesi mükemmel."",""5"",""2024-05-21 12:08:00+00"",""True"",""18"""
"447,""Selim Işık"",""Personel güleryüzlüydü ve yemekler süperdi."",""5"",""2024-12-04 15:26:00+00"",""True"",""3"""
"448,""Büşra Korkmaz"",""Porsiyon biraz daha büyük olabilirdi ama lezzet gayet iyiydi."",""4"",""2024-01-01 11:18:00+00"",""True"",""20"""
"449,""Mehmet Kaya"",""Lezzet açısından beklentilerimi karşıladı."",""4"",""2025-02-09 21:48:00+00"",""True"",""9"""
"450,""Pınar Arslan"",""Lezzet açısından beklentilerimi karşıladı."",""4"",""2024-05-01 21:19:00+00"",""True"",""47"""
"451,""Yasemin Gürbüz"",""Genel olarak çok beğendim, küçük eksikler vardı ama yine de güzeldi."",""4"",""2025-02-15 15:27:00+00"",""True"",""29"""
"452,""Ali Şahin"",""Yemek yeterli düzeydeydi, fiyatına göre biraz pahalıydı."",""3"",""2024-03-17 12:58:00+00"",""False"",""27"""
"453,""Hasan Koç"",""Güzel bir mekan, yemekler de oldukça başarılıydı."",""4"",""2024-05-23 13:06:00+00"",""True"",""2"""
"454,""Tuğba Erdem"",""Servis biraz geç geldi ama yemek bunu telafi etti."",""4"",""2024-09-05 14:00:00+00"",""False"",""31"""
"455,""Hatice Yıldız"",""Beklentilerimin çok üzerinde bir deneyim yaşadım."",""5"",""2024-10-25 11:30:00+00"",""True"",""18"""
"456,""Büşra Korkmaz"",""Malzemeler taze ve kaliteli, yemek gerçekten nefisti."",""5"",""2024-11-23 15:03:00+00"",""True"",""28"""
"457,""Ayşe Demir"",""Mutfak ekibi gerçekten başarılı, tebrik ederim."",""4"",""2024-01-15 15:20:00+00"",""True"",""8"""
"458,""Merve Bulut"",""En iyi restoranlardan biri, kesinlikle tekrar geleceğim."",""5"",""2024-06-16 17:11:00+00"",""True"",""12"""
"459,""Kemal Erdoğan"",""Yemek pek lezzetli değildi, hayal kırıklığı yaşadım."",""2"",""2024-10-27 13:54:00+00"",""True"",""62"""
"460,""Ahmet Yılmaz"",""Mutfak ekibi gerçekten başarılı, tebrik ederim."",""4"",""2024-03-19 16:47:00+00"",""True"",""45"""
"461,""Ali Şahin"",""Çok güzel bir deneyimdi, servis biraz daha hızlı olabilirdi."",""4"",""2024-03-26 22:58:00+00"",""False"",""40"""
"462,""Bülent Karaca"",""Bu kadar lezzetli bir yemek yememiştim, çok memnun kaldım."",""5"",""2024-02-02 15:52:00+00"",""True"",""6"""
"463,""Hüseyin Polat"",""Lezzet açısından gelişime açık, tekrar düşünürüm."",""3"",""2024-03-01 16:19:00+00"",""True"",""46"""
"464,""Zeynep Arslan"",""Genel değerlendirmem olumlu, tekrar gelebilirim."",""4"",""2024-06-28 15:02:00+00"",""True"",""16"""
"465,""Haluk Sarı"",""İyi bir deneyimdi, ufak aksaklıklar olsa da güzeldi."",""4"",""2024-05-29 16:37:00+00"",""False"",""38"""
"466,""Fatma Çelik"",""Orta seviye bir deneyim, iyileştirme yapılabilir."",""3"",""2024-03-31 14:56:00+00"",""False"",""30"""
"467,""Mehmet Kaya"",""Güzel bir mekan, yemekler de oldukça başarılıydı."",""4"",""2025-02-14 17:50:00+00"",""True"",""44"""
"468,""Volkan Ekici"",""Bu fiyata bu kalite gerçekten takdire şayan."",""5"",""2024-06-16 18:11:00+00"",""False"",""33"""
"469,""Haluk Sarı"",""Tavsiye ederim, lezzet gayet iyiydi. Bir dahaki sefere de geleceğim."",""4"",""2024-09-16 19:47:00+00"",""True"",""13"""
"470,""Esra Kaplan"",""Arkadaşlarımla keyifli bir akşam geçirdik, tavsiye ederim."",""4"",""2024-11-09 16:56:00+00"",""True"",""54"""
"471,""Taner Özcan"",""Atmosfer çok güzeldi, yemekler de bir o kadar lezzetliydi."",""5"",""2024-03-21 15:44:00+00"",""True"",""15"""
"472,""Mehtap Bilgin"",""Bu kadar lezzetli bir yemek yememiştim, çok memnun kaldım."",""5"",""2024-01-16 11:13:00+00"",""True"",""12"""
"473,""Erkan Ateş"",""Servis hızlıydı ve garsonlar çok ilgiliydi. Tavsiye ederim."",""5"",""2024-01-04 12:53:00+00"",""False"",""40"""
"474,""Derya Güler"",""Tarifi aklımdan çıkmıyor, inanılmaz lezzetliydi."",""5"",""2024-03-15 21:44:00+00"",""False"",""29"""
"475,""Emre Çetin"",""Personel tutumu düzeltilmeli, beklentilerimi karşılamadı."",""2"",""2024-07-17 13:04:00+00"",""True"",""11"""
"476,""Tolga Demirtaş"",""Yemeğin üzerine tatlı da harikaydı, tam puan veriyorum."",""5"",""2024-11-25 13:20:00+00"",""True"",""3"""
"477,""Uğur Keskin"",""Beklentilerimin altında kaldı, düzeltilmesi gereken yerler var."",""3"",""2025-01-20 10:09:00+00"",""True"",""34"""
"478,""Hüseyin Polat"",""Hayatımda yediğim en lezzetli yemekti, kesinlikle tavsiye ederim!"",""5"",""2024-02-03 18:14:00+00"",""True"",""9"""
"479,""Büşra Korkmaz"",""Servis biraz geç geldi ama yemek bunu telafi etti."",""4"",""2024-07-21 14:28:00+00"",""True"",""32"""
"480,""Serap Altın"",""Malzemeler tazeydi ve yemek lezzetliydi, memnun ayrıldım."",""4"",""2024-10-15 14:50:00+00"",""True"",""47"""
"481,""Reyhan Tok"",""Yemeğin pişirme tekniği çok iyiydi, beğendim."",""4"",""2024-06-06 13:02:00+00"",""True"",""59"""
"482,""İbrahim Doğan"",""Bir daha gelmem, hayal kırıklığıyla ayrıldım."",""2"",""2024-01-15 17:44:00+00"",""False"",""26"""
"483,""Derya Güler"",""Muhteşem lezzetler, servis mükemmeldi. Tekrar geleceğim."",""5"",""2024-11-28 10:02:00+00"",""True"",""21"""
"484,""Filiz Yavuz"",""Genel olarak çok beğendim, küçük eksikler vardı ama yine de güzeldi."",""4"",""2024-08-31 11:19:00+00"",""True"",""30"""
"485,""Tolga Demirtaş"",""Genel olarak çok beğendim, küçük eksikler vardı ama yine de güzeldi."",""4"",""2024-06-09 19:41:00+00"",""True"",""41"""
"486,""Sibel Çakır"",""Servis iyiydi ama yemek pek heyecan verici değildi."",""3"",""2024-01-11 18:29:00+00"",""True"",""5"""
"487,""Pınar Arslan"",""Hayatımda yediğim en lezzetli yemekti, kesinlikle tavsiye ederim!"",""5"",""2024-03-04 13:41:00+00"",""True"",""29"""
"488,""Hatice Yıldız"",""Porsiyon bolluğu ve lezzeti gerçekten etkileyiciydi."",""5"",""2024-06-14 14:41:00+00"",""True"",""49"""
"489,""Oğuz Avcı"",""Normal bir restoran, özel bir özelliği yok."",""3"",""2024-08-06 18:49:00+00"",""True"",""18"""
"490,""Volkan Ekici"",""Bir dahaki sefere farklı şeyler denemek istiyorum."",""4"",""2024-10-03 22:52:00+00"",""True"",""43"""
"491,""Bülent Karaca"",""En iyi restoranlardan biri, kesinlikle tekrar geleceğim."",""5"",""2024-06-02 19:59:00+00"",""False"",""13"""
"492,""Özkan Turan"",""Daha önce gittiğimde daha iyiydi, kalite düşmüş gibi."",""3"",""2024-09-29 14:53:00+00"",""True"",""29"""
"493,""Özkan Turan"",""Çok gürültülüydü ve yemek kalitesi beklediğimin altındaydı."",""2"",""2024-04-27 11:50:00+00"",""False"",""50"""
"494,""Cem Şimşek"",""Bu fiyata bu kalite gerçekten takdire şayan."",""5"",""2024-11-01 18:41:00+00"",""True"",""51"""
"495,""Mehmet Kaya"",""Genel değerlendirmem olumlu, tekrar gelebilirim."",""4"",""2025-01-22 22:56:00+00"",""True"",""19"""
"496,""Serap Altın"",""Hem görüntüsü hem de tadı mükemmeldi, çok başarılı."",""5"",""2025-01-09 17:58:00+00"",""True"",""59"""
"497,""Tuğba Erdem"",""Yemek idare ederdi, ne çok iyiydi ne çok kötü."",""3"",""2024-09-20 16:48:00+00"",""True"",""50"""
"498,""Serap Altın"",""Beklentilerimi tam karşılamadı ama yenebilir düzeydeydi."",""3"",""2024-10-17 21:37:00+00"",""False"",""11"""
"499,""Selim Işık"",""Lezzet açısından beklentilerimi karşıladı."",""4"",""2024-04-09 21:14:00+00"",""False"",""8"""
"500,""Mehtap Bilgin"",""Güzel bir mekan, yemekler de oldukça başarılıydı."",""4"",""2025-01-14 14:58:00+00"",""True"",""44"""
